x,g,h
0.0,1.0,0.0
0.01001001001001001,0.9967502628352353,0.01991873941530489
0.02002002002002002,0.991018171592223,0.03963064685221788
0.03003003003003003,0.9828279959054699,0.05912943020242792
0.04004004004004004,0.9722100621826343,0.07840895033072631
0.050050050050050046,0.9592006534802457,0.09746322215260786
0.06006006006006006,0.9438418948671942,0.11628641563586571
0.07007007007007007,0.9261816246209723,0.13487285672651317
0.08008008008008008,0.9062732516357381,0.1532170281993927
0.09009009009009009,0.8841755994542715,0.17131357043386347
0.10010010010010009,0.8599527373677376,0.18915728211498323
0.11011011011011011,0.8336737990577725,0.20674312086063085
0.12012012012012012,0.805412789284696,0.22406620377504075
0.13013013013013014,0.7752483791535718,0.2411218079292478
0.14014014014014015,0.7432636905163029,0.2579053707689673
0.15015015015015015,0.7095460700929203,0.27441249045045946
0.16016016016016016,0.6741868539186275,0.290638926104954
0.17017017017017017,0.6372811227449614,0.30658059803223375
0.18018018018018017,0.5989274490435642,0.3222335878240013
0.19019019019019018,0.5592276362794891,0.3375941384176755
0.20020020020020018,0.5182864511376599,0.35265865408128805
0.21021021021021022,0.47621134940100107,0.36742370033017285
0.22022022022022023,0.4331121961918694,0.3818860037761628
0.23023023023023023,0.38910098129967635,0.3960424519100297
0.24024024024024024,0.34429153032700943,0.4098900928179255
0.2502502502502503,0.29879921239409934,0.4234261348326007
0.2602602602602603,0.25274064514714123,0.4366479461201989
0.2702702702702703,0.2062333978197474,0.44955305420344366
0.2802802802802803,0.1593956930986904,0.46213914542205237
0.2902902902902903,0.11234610854508606,0.4744040643312328
0.3003003003003003,0.06520327832027802,0.4863458130391323
0.3103103103103103,0.018085595961927502,0.497962550484129
0.3203203203203203,-0.02888908104979461,0.5092525916528704
0.3303303303303303,-0.075603724203456,0.5202144067399812
0.34034034034034033,-0.12194242362183498,0.5308466202503767
0.35035035035035034,-0.1677906737694162,0.5411480100451338
0.36036036036036034,-0.21303565450246442,0.5511175063318874
0.37037037037037035,-0.25756650677668513,0.5607541906007305
0.38038038038038036,-0.3012746023435929,0.5700572945066127
0.39039039039039036,-0.34405380678443076,0.5790261986992441
0.40040040040040037,-0.38580073524976416,0.5876604316015218
0.41041041041041043,-0.4264150002936599,0.5959596681375111
0.42042042042042044,-0.4657994512135926,0.6039237284110205
0.43043043043043044,-0.5038604043308431,0.6115525763358247
0.44044044044044045,-0.5405078636710845,0.618846318218597
0.45045045045045046,-0.5756557315310518,0.6258052012956211
0.46046046046046046,-0.6092220084445605,0.6324296122243644
0.47047047047047047,-0.6411289820896252,0.6387200755310017
0.4804804804804805,-0.6713034047079428,0.644677252014983
0.4904904904904905,-0.6996766586384829,0.6503019371117542
0.5005005005005005,-0.7261849095982694,0.6555950592147355
0.5105105105105106,-0.7507692473755816,0.6605576779576788
0.5205205205205206,-0.7733758136336537,0.6651909824585248
0.5305305305305306,-0.7939559165564244,0.6694962895258865
0.5405405405405406,-0.8124661321019035,0.6734750418292934
0.5505505505505506,-0.8288683916631859,0.6771288060343302
0.5605605605605606,-0.8431300559719708,0.6804592709038124
0.5705705705705706,-0.8552239751145458,0.6834682453661387
0.5805805805805806,-0.8651285345654823,0.6861576565519686
0.5905905905905906,-0.8728276871796677,0.6885295478003702
0.6006006006006006,-0.8783109711187006,0.690586076635589
0.6106106106106106,-0.8815735137229682,0.6923295127155851
0.6206206206206206,-0.8826160213758822,0.6937622357534922
0.6306306306306306,-0.8814447554416147,0.6948867334131466
0.6406406406406406,-0.8780714943922312,0.6957055991798371
0.6506506506506506,-0.8725134822742157,0.6962215302074245
0.6606606606606606,-0.8647933636979923,0.6964373251429784
0.6706706706706707,-0.8549391055670478,0.6963558819300767
0.6806806806806807,-0.8429839057955933,0.6959801955919117
0.6906906906906907,-0.8289660892952825,0.6953133559953424
0.7007007007007007,-0.8129289915422527,0.6943585455970309
0.7107107107107107,-0.7949208300656063,0.6931190371727963
0.7207207207207207,-0.7749945642273233,0.6915981915313137
0.7307307307307307,-0.753207743691429,0.6897994552132869
0.7407407407407407,-0.7296223460069705,0.6877263581772091
0.7507507507507507,-0.704304603754908,0.6853825114728306
0.7607607607607607,-0.6773248217333595,0.6827716049034382
0.7707707707707707,-0.6487571846786739,0.6798974046780504
0.7807807807807807,-0.6186795560415227,0.6767637510546227
0.7907907907907907,-0.5871732683575075,0.6733745559753517
0.8008008008008007,-0.5543229057706784,0.6697338006951571
0.8108108108108109,-0.5202160792857652,0.6658455334044172
0.8208208208208209,-0.48494319534082864,0.6617138668470198
0.8308308308308309,-0.44859721830639343,0.6573429759347849
0.8408408408408409,-0.411273427529916,0.6527370953593085
0.8508508508508509,-0.37306916955561203,0.6479005172022609
0.8608608608608609,-0.3340836061592365,0.6428375885451718
0.8708708708708709,-0.2944174588453292,0.6375527090797166
0.8808808808808809,-0.25417275046070487,0.632050328719513
0.8908908908908909,-0.21345254458257779,0.6263349452144265
0.9009009009009009,-0.17236068334264676,0.6204111017683656
0.9109109109109109,-0.13100152434974366,0.6142833846615473
0.9209209209209209,-0.08947967737325326,0.6079564208781921
0.9309309309309309,-0.04789974144746861,0.6014348757406001
0.9409409409409409,-0.006366043053351807,0.594723450550548
0.950950950950951,0.03501762397114922,0.5878268802389333
0.960960960960961,0.07614825614800702,0.580749931024579
0.970970970970971,0.11692389506753773,0.5734973980830989
0.980980980980981,0.15724387846270646,0.5660741032267134
0.990990990990991,0.1970090870352786,0.5584848925958873
1.001001001001001,0.23612218643286934,0.5507346343636502
1.011011011011011,0.27448786379048457,0.5428282164534485
1.021021021021021,0.3120130582660975,0.5347705442713573
1.031031031031031,0.34860718501712146,0.5265665384534735
1.0410410410410411,0.3841823520832675,0.5182211326292909
1.0510510510510511,0.4186535696611745,0.5097392712018478
1.0610610610610611,0.4519389512772973,0.5011259071454182
1.0710710710710711,0.48395990638779907,0.49238599982150794
1.0810810810810811,0.5146413239575341,0.48352451281389663
1.0910910910910911,0.5439117465945841,0.47454641178345325
1.1011011011011012,0.5717035348421459,0.46545666234343885
1.1111111111111112,0.5979530212558025,0.45626022795599075
1.1211211211211212,0.6226006539212635,0.4469620678504701
1.1311311311311312,0.6455911290954809,0.4375671349643353
1.1411411411411412,0.6668735126825367,0.4280803739071915
1.1511511511511512,0.6864013502848085,0.41850671894864677
1.1611611611611612,0.7041327655995551,0.4088510920305895
1.1711711711711712,0.7200305469611593,0.39911840080448846
1.1811811811811812,0.7340622218597448,0.3893135366942958
1.1911911911911912,0.746200119297653,0.37944137298551955
1.2012012012012012,0.7564214198762761,0.36950676294101453
1.2112112112112112,0.7647081935368835,0.35951453794402416
1.2212212212212212,0.7710474249102905,0.34946950566898843
1.2312312312312312,0.7754310262614269,0.33937644828061597
1.2412412412412412,0.7778558380459643,0.3292401206617027
1.2512512512512513,0.7783236171271151,0.31906524867016145
1.2612612612612613,0.7768410127314108,0.3088565274257093
1.2712712712712713,0.7734195302526474,0.29861861962664393
1.2812812812812813,0.7680754830431741,0.2883561538971226
1.2912912912912913,0.7608299323612168,0.27807372316534007
1.3013013013013013,0.7517086156719057,0.2677758830729843
1.3113113113113113,0.7407418635280401,0.25746715041633306
1.3213213213213213,0.7279645052843167,0.24715200161933693
1.3313313313313313,0.7134157639256804,0.23683487123901628
1.3413413413413413,0.6971391403165963,0.22652015050348426
1.3513513513513513,0.6791822872032928,0.21621218588289046
1.3613613613613613,0.6595968733253573,0.20591527769356208
1.3713713713713713,0.6384384380164007,0.19563367873560425
1.3813813813813813,0.6157662366957977,0.18537159296420314
1.3913913913913913,0.5916430776747142,0.17513317419485885
1.4014014014014013,0.5661351507196771,0.16492252484275938
1.4114114114114114,0.5393118478358138,0.15474369469648938
1.4214214214214214,0.5112455767495151,0.14460067972625126
1.4314314314314314,0.48201156758663727,0.13449742092676029
1.4414414414414414,0.4516876732574065,0.12443780319495783
1.4514514514514514,0.4203541640729121,0.11442565424267238
1.4614614614614614,0.3880935171304044,0.10446474354434053
1.4714714714714714,0.3549902010155753,0.09455878131988434
1.4814814814814814,0.3211304563795241,0.08471141755282639
1.4914914914914914,0.2866020729562161,0.07492624104370738
1.5015015015015014,0.25149416359288657,0.06520677849885557
1.5115115115115114,0.2158969358710382,0.05555649365454234
1.5215215215215214,0.17990146189939937,0.04597878643654231
1.5315315315315314,0.14359944686246692,0.03647699215510165
1.5415415415415414,0.10708299690903883,0.027054380735302853
1.5515515515515514,0.07044438696445958,0.017714155982799705
1.5615615615615615,0.03377582904815954,0.00845945488488109
1.5715715715715715,-0.002830758325519407,-0.0007066530531919417
1.5815815815815815,-0.039283979090241436,-0.009781166436646073
1.5915915915915915,-0.07549318634780287,-0.018761152574536852
1.6016016016016015,-0.11136870630676081,-0.027643748038069477
1.6116116116116117,-0.1468220588900553,-0.036426159184011674
1.6216216216216217,-0.18176617447264287,-0.04510566264332337
1.6316316316316317,-0.2161156062220267,-0.053679605775145516
1.6416416416416417,-0.24978673752764016,-0.06214540708629685
1.6516516516516517,-0.28269798401943347,-0.07050055661644726
1.6616616616616617,-0.3147699896915277,-0.07874261628914522
1.6716716716716717,-0.3459258166635041,-0.08686922022889111
1.6816816816816818,-0.3760911281296887,-0.09487807504445975
1.6916916916916918,-0.4051943640656455,-0.10276696007868888
1.7017017017017018,-0.4331669092809412,-0.11053372762496118
1.7117117117117118,-0.4599432534280519,-0.11817630311062027
1.7217217217217218,-0.4854611425989758,-0.12569268524757204
1.7317317317317318,-0.5096617221636487,-0.13308094615033453
1.7417417417417418,-0.5324896705275671,-0.1403392314218103
1.7517517517517518,-0.5538933235100495,-0.14746576020706664
1.7617617617617618,-0.5738247890692334,-0.15445882521541981
1.7717717717717718,-0.5922400521251756,-0.1613167927111286
1.7817817817817818,-0.609099069258198,-0.1680381024730149
1.7917917917917918,-0.624365853085866,-0.17462126772333747
1.8018018018018018,-0.6380085461486046,-0.1810648750262551
1.8118118118118118,-0.6499994841609067,-0.18736758415622531
1.8218218218218218,-0.6603152485122813,-0.19352812793669374
1.8318318318318318,-0.6689367079294622,-0.19954531204943857
1.8418418418418419,-0.6758490492388922,-0.20541801481494276
1.8518518518518519,-0.6810417971960206,-0.21114518694417583
1.8618618618618619,-0.6845088233754659,-0.2167258512621758
1.8718718718718719,-0.6862483441434948,-0.22215910240382777
1.8818818818818819,-0.6862629077615247,-0.22744410648224678
1.8918918918918919,-0.6845593706963662,-0.23258010073017657
1.901901901901902,-0.6811488632396417,-0.2375663931148266
1.911911911911912,-0.6760467445651742,-0.24240236192657375
1.921921921921922,-0.6692725473790598,-0.2470874553419639
1.931931931931932,-0.6608499123425858,-0.25162119096145474
1.941941941941942,-0.6508065124730263,-0.2560031553223465
1.951951951951952,-0.6391739677516278,-0.2602330033873551
1.961961961961962,-0.6259877501916933,-0.26431045800928576
1.971971971971972,-0.6112870796425449,-0.2682353093722734
1.981981981981982,-0.5951148106272383,-0.27200741441005905
1.991991991991992,-0.5775173105331552,-0.2756266962017771
2.002002002002002,-0.5585443294949779,-0.2790931433457349
2.012012012012012,-0.5382488623289821,-0.2824068093116671
2.022022022022022,-0.5166870028960624,-0.2855678117719566
2.032032032032032,-0.49391779128833857,-0.28857633191231097
2.042042042042042,-0.47000305425058464,-0.29143261372239493
2.052052052052052,-0.44500723926301927,-0.2941369632669167
2.062062062062062,-0.4189972427261513,-0.29668974793767217
2.0720720720720722,-0.39204223270138716,-0.2990913956870549
2.0820820820820822,-0.3642134666729191,-0.3013423942435385
2.0920920920920922,-0.3355841048070168,-0.3034432903096465
2.1021021021021022,-0.30622901919421636,-0.30539468874292164
2.1121121121121122,-0.27622459956801754,-0.3071972517204123
2.1221221221221223,-0.24564855600054544,-0.30885169788719313
2.1321321321321323,-0.21457971908120502,-0.31035880148944106
2.1421421421421423,-0.1830978380886333,-0.3117193914925865
2.1521521521521523,-0.15128337766924094,-0.31293435068506276
2.1621621621621623,-0.11921731353731901,-0.31400461476817704
2.1721721721721723,-0.08698092771208293,-0.3149311714326263
2.1821821821821823,-0.05465560380612138,-0.31571505942218225
2.1921921921921923,-0.022322622877536055,-0.31635736758507116
2.2022022022022023,0.009937039645401479,-0.3168592339135715
2.2122122122122123,0.04204291546296727,-0.3172218445723541
2.2222222222222223,0.07391524282792984,-0.3174464329160899
2.2322322322322323,0.10547516340376026,-0.31753427849684657
2.2422422422422423,0.13664491607453047,-0.3174867060617971
2.2522522522522523,0.16734802723348224,-0.31730508454176237
2.2622622622622623,0.19750949708795562,-0.31699082603110607
2.2722722722722724,0.2270559815301853,-0.31654538475950117
2.2822822822822824,0.2559159691363746,-0.3159702560560848
2.2922922922922924,0.2840199528704018,-0.3152669753065152
2.3023023023023024,0.3113005960834631,-0.3144371169034449
2.3123123123123124,0.3376928924168688,-0.31348229319091886
2.3223223223223224,0.3631343192320441,-0.3124041534032062
2.3323323323323324,0.387564984209491,-0.3112043825985706
2.3423423423423424,0.4109277647770009,-0.3098847005884813
2.3523523523523524,0.43316844004671706,-0.3084468608627637
2.3623623623623624,0.45423581496068105,-0.30689264951118594
2.3723723723723724,0.47408183636520235,-0.3052238841419731
2.3823823823823824,0.4926617007557134,-0.3034424127977391
2.3923923923923924,0.5099339534556596,-0.3015501128693196
2.4024024024024024,0.5258605790153605,-0.299548890007989
2.4124124124124124,0.5404070826396175,-0.2974406770365367
2.4224224224224224,0.5535425624760623,-0.29522743285967706
2.4324324324324325,0.5652397726197986,-0.29291114137425966
2.4424424424424425,0.5754751767137001,-0.2904938103797452
2.4524524524524525,0.5842289920477599,-0.287977470489405
2.4624624624624625,0.5914852240850544,-0.2853641740426983
2.4724724724724725,0.5972316913661432,-0.28265599401927777
2.4824824824824825,0.6014600407680026,-0.27985502295506437
2.4924924924924925,0.6041657531178405,-0.2769633718608338
2.5025025025025025,0.6053481391862733,-0.2739831691437446
2.5125125125125125,0.6050103261083477,-0.27091655953223726
2.5225225225225225,0.6031592343046462,-0.26776570300472624
2.5325325325325325,0.5998055449982196,-0.2645327737225002
2.5425425425425425,0.5949636584462419,-0.2612199589672416
2.5525525525525525,0.5886516430280628,-0.2578294580835686
2.5625625625625625,0.5808911753536481,-0.25436348142699955
2.5725725725725725,0.5717074715782295,-0.25082424931772884
2.5825825825825826,0.5611292101302552,-0.24721399100060223
2.5925925925925926,0.5491884460804035,-0.2435349436116687
2.6026026026026026,0.5359205173994352,-0.23978935115168226
2.6126126126126126,0.5213639433719808,-0.23597946346691911
2.6226226226226226,0.5055603154519207,-0.232107535237669
2.6326326326326326,0.4885541808628106,-0.22817582497475306
2.6426426426426426,0.4703929192637389,-0.22418659402441343
2.6526526526526526,0.45112661281709465,-0.22014210558191297
2.6626626626626626,0.43080791000989344,-0.21604462371417563
2.6726726726726726,0.4094918835945419,-0.211896412391793
2.6826826826826826,0.3872358830281813,-0.20769973453071183
2.6926926926926926,0.3640993818020076,-0.2034568510439142
2.7027027027027026,0.34014382006319743,-0.19917001990339134
2.7127127127127126,0.31543244294223943,-0.19484149521270624
2.7227227227227226,0.2900301350075792,-0.19047352629043304
2.7327327327327327,0.264003251277489,-0.18606835676475275
2.7427427427427427,0.2374194452259791,-0.1816282236794777
2.7527527527527527,0.21034749422534482,-0.1771553566117706
2.7627627627627627,0.18285712287259284,-0.17265197680181402
2.7727727727727727,0.1550188246505008,-0.1681202962946816
2.7827827827827827,0.12690368237643251,-0.16356251709465205
2.7927927927927927,0.09858318789325449,-0.15898083033220078
2.8028028028028027,0.0701290614567818,-0.1543774154438955
2.8128128128128127,0.04161307127312559,-0.14975443936541533
2.8228228228228227,0.013106853637126341,-0.14511405573790387
2.8328328328328327,-0.015318265880249433,-0.14045840412786056
2.8428428428428427,-0.043591449752087966,-0.13578960926076503
2.8528528528528527,-0.0716425238853294,-0.1311097802686235
2.8628628628628627,-0.09940215064882106,-0.12642100995161634
2.8728728728728727,-0.12680199911588874,-0.12172537405402002
2.8828828828828827,-0.15377491210635888,-0.11702493055456747
2.8928928928928928,-0.18025506962263516,-0.11232171897140411
2.9029029029029028,-0.20617814828508066,-0.10761775968178855
2.9129129129129128,-0.23148147638355,-0.10291505325667924
2.9229229229229228,-0.2561041841744211,-0.09821557981034101
2.932932932932933,-0.2799873490658613,-0.09352129836509714
2.942942942942943,-0.3030741353482856,-0.08883414623134565
2.952952952952953,-0.32530992814199383,-0.08415603840295009
2.962962962962963,-0.3466424612497597,-0.07948886696810822
2.972972972972973,-0.367021938618651,-0.0748345005357938
2.982982982982983,-0.38640114913254325,-0.0701947836778595
2.992992992992993,-0.40473557447459535,-0.06557153638688137
3.003003003003003,-0.42198348981735045,-0.06096655354981773
3.013013013013013,-0.4381060571170458,-0.05638160443754794
3.023023023023023,-0.4530674108081265,-0.051818432210349326
3.033033033033033,-0.4668347357137967,-0.047278753439363004
3.043043043043043,-0.4793783370086666,-0.042764257644091926
3.053053053053053,-0.4906717020901055,-0.03827660684596773
3.063063063063063,-0.5006915542357387,-0.03381743513801529
3.073073073073073,-0.509417897945583,-0.02938834827063702
3.083083083083083,-0.5168340558885328,-0.02499092325353199
3.093093093093093,-0.5229266973942552,-0.020626707973757635
3.103103103103103,-0.5276858584529467,-0.01629722082993529
3.113113113113113,-0.5311049532068175,-0.012003950382593628
3.123123123123123,-0.5331807769385359,-0.007748355020637474
3.133133133133133,-0.5339135005831275,-0.003531862643922681
3.143143143143143,-0.5333066568109404,0.0006441296380888255
3.153153153153153,-0.5313671177502016,0.004778255791626338
3.163163163163163,-0.5281050644383426,0.008869181127898928
3.173173173173173,-0.5235339481116217,0.012915602556420628
3.183183183183183,-0.5176704434625727,0.016916248822423905
3.193193193193193,-0.5105343940143905,0.0208698807284193
3.203203203203203,-0.50214874978051,0.024775291339965245
3.2132132132132134,-0.49253949739627595,0.028631306175718366
3.2232232232232234,-0.4817355829276976,0.03243678338183922
3.2332332332332334,-0.46976882757979366,0.036190613890838004
3.2432432432432434,-0.45667383654392985,0.039891721564944436
3.2532532532532534,-0.44248790123975856,0.04353906332409788
3.2632632632632634,-0.42725089522289295,0.04713162925865544
3.2732732732732734,-0.41100516404421866,0.05066844272692287
3.2832832832832834,-0.3937954093607483,0.05414856043761805
3.2932932932932935,-0.3756685676111137,0.057571072517382
3.3033033033033035,-0.35667368358115026,0.06093510256345816
3.3133133133133135,-0.33686177919651666,0.06423980768166485
3.3233233233233235,-0.31628571788989723,0.06748437850979161
3.3333333333333335,-0.2950000649000257,0.07066803922655476
3.3433433433433435,-0.27306094386852287,0.07379004754625178
3.3533533533533535,-0.2505258901083505,0.0768496946992598
3.3633633633633635,-0.2274537009245183,0.079846305398527
3.3733733733733735,-0.20390428337354366,0.08277923779221076
3.3833833833833835,-0.179938499853028,0.08564788340262088
3.3933933933933935,-0.15561801191658417,0.08845166705162948
3.4034034034034035,-0.13100512271221096,0.09119004677271489
3.4134134134134135,-0.10616261844406866,0.09386251370980907
3.4234234234234235,-0.08115360925845293,0.09646859200312334
3.4334334334334335,-0.05604136995460729,0.0990078386621305
3.4434434434434436,-0.03088918091985034,0.10147984342588472
3.4534534534534536,-0.005760169686336239,0.10388422861086491
3.4634634634634636,0.019282846496376547,0.10622064894653013
3.4734734734734736,0.044177516682891806,0.10848879139877904
3.4834834834834836,0.06886211046269906,0.11068837498150878
3.4934934934934936,0.09327567002109725,0.11281915055647165
3.5035035035035036,0.11735815965830837,0.1148809006216308
3.5135135135135136,0.1410506124026208,0.1168734390882195
3.5235235235235236,0.16429527336213173,0.11879661104671045
3.5335335335335336,0.18703573946924415,0.12065029252190526
3.5435435435435436,0.20921709528248575,0.122434390217356
3.5535535535535536,0.2307860445214279,0.12414884124933309
3.5635635635635636,0.2516910370224615,0.1257936128705572
3.5735735735735736,0.2718823908158959,0.12736870218391305
3.5835835835835836,0.29131240903826106,0.12887413584636712
3.5935935935935936,0.30993549140776216,0.1303099697633119
3.6036036036036037,0.32770824000553767,0.13167628877356152
3.6136136136136137,0.34458955912065387,0.13297320632522527
3.6236236236236237,0.36054074893259674,0.13420086414268792
3.6336336336336337,0.3755255928213564,0.13535943188492505
3.6436436436436437,0.3895104381119873,0.1364491067953862
3.6536536536536537,0.4024642700777404,0.13747011334367676
3.6636636636636637,0.4143587790434387,0.13842270285927313
3.6736736736736737,0.42516842044867786,0.1393071531575049
3.6836836836836837,0.4348704677486168,0.14012376815804004
3.6936936936936937,0.44344505804854245,0.14087287749610944
3.7037037037037037,0.45087523038700167,0.14155483612670736
3.7137137137137137,0.45714695660103394,0.14217002392200614
3.7237237237237237,0.4622491647258766,0.14271884526222267
3.7337337337337337,0.466173754900396,0.1432017286201758
3.7437437437437437,0.4689156077683693,0.1436191261397731
3.7537537537537538,0.4704725853845758,0.14397151320866605
3.7637637637637638,0.4708455246533756,0.14425938802531346
3.7737737737737738,0.47003822334604506,0.14448327116069115
3.7837837837837838,0.4680574187615288,0.144643705114888
3.793793793793794,0.4649127591134269,0.14474125386882639
3.803803803803804,0.4606167677439159,0.14477650243134624
3.813813813813814,0.4551848002828569,0.14475005638188984
3.823823823823824,0.44863499488753134,0.14466254140902596
3.833833833833834,0.4409882157152308,0.14451460284504974
3.843843843843844,0.43226798979725367,0.14430690519689454
3.853853853853854,0.42250043749871447,0.1440401316735916
3.863863863863864,0.4117141967638871,0.1437149837105119
3.873873873873874,0.3999403413615651,0.1433321804906239
3.883883883883884,0.3872122933590862,0.1428924584629997
3.893893893893894,0.3735657300672028,0.14239657085880086
3.903903903903904,0.3590384857108524,0.14184528720497486
3.913913913913914,0.3436704480930709,0.14123939283588954
3.923923923923924,0.3275034505307525,0.14057968840313498
3.933933933933934,0.3105811593516888,0.13986698938371667
3.943943943943944,0.29294895725227005,0.1391021255868662
3.953953953953954,0.2746538228244036,0.13828594065969108
3.963963963963964,0.2557442065685554,0.13741929159188482
3.973973973973974,0.2362699037173569,0.13650304821971732
3.983983983983984,0.2162819242009042,0.1355380927295217
3.993993993993994,0.19583236009070995,0.13452531916089397
4.004004004004004,0.17497425086423463,0.13346563290981844
4.014014014014014,0.15376144683601123,0.13235995023192995
4.024024024024024,0.13224847110459695,0.1312091977461225
4.034034034034034,0.1104903803668625,0.13001431193871107
4.044044044044044,0.088542624952656,0.1287762386683506
4.054054054054054,0.06646090843327047,0.12749593267191553
4.064064064064064,0.044301047156981,0.12617435707153826
4.074074074074074,0.022118830063493876,0.12481248288300531
4.084084084084084,-3.012087275664034e-05,0.12341128852570477
4.094094094094094,-0.02209048922369954,0.12197175933431777
4.104104104104104,-0.04400740136997055,0.12049488707244384
4.114114114114114,-0.06572656210624465,0.11898166944834608
4.124124124124124,-0.08719438825659452,0.117433109633001
4.134134134134134,-0.10835813997342358,0.11585021578063404
4.1441441441441444,-0.1291660494004274,0.11423400055191882
4.1541541541541545,-0.14956744638811031,0.11258548064001643
4.1641641641641645,-0.1695128809588127,0.1109056762996263
4.1741741741741745,-0.18895424222774485,0.109195610879219
4.1841841841841845,-0.20784487349637987,0.107456310356617
4.1941941941941945,-0.22613968324545888,0.10568880287808713
4.2042042042042045,-0.24379525176603611,0.10389411830110482
4.2142142142142145,-0.2607699331791325,0.10207328774094743
4.2242242242242245,-0.2770239526069379,0.10022734312127056
4.2342342342342345,-0.29251949827175067,0.09835731672881821
4.2442442442442445,-0.3072208083122791,0.09646424077241408
4.2542542542542545,-0.3210942521211451,0.09454914694637855
4.2642642642642645,-0.33410840602178676,0.09261306599851193
4.2742742742742745,-0.3462341231179907,0.09065702730278166
4.2842842842842845,-0.35744459716441157,0.08868205843684784
4.2942942942942945,-0.36771542032213134,0.08668918476455756
4.3043043043043046,-0.3770246346790472,0.08467942902353584
4.314314314314315,-0.38535277743107865,0.08265381091799676
4.324324324324325,-0.3926829196363641,0.08061334671689566
4.334334334334335,-0.3990006984711547,0.07855904885753927
4.344344344344345,-0.4042943429325809,0.07649192555476744
4.354354354354355,-0.40855469295016594,0.07441298041581658
4.364364364364365,-0.4117752118845513,0.07232321206097134
4.374374374374375,-0.41395199240859176,0.07022361375010769
4.384384384384385,-0.4150837557825214,0.06811517301522696
4.394394394394395,-0.4151718445514195,0.06599887129907674
4.404404404404405,-0.41422020870952836,0.06387568359995141
4.414414414414415,-0.41223538539217663,0.0617465781227608
4.424424424424425,-0.40922647217200764,0.059612515936453
4.434434434434435,-0.40520509405192273,0.057474450637872584
4.444444444444445,-0.40018536426256374,0.055333328022132984
4.454454454454455,-0.3941838389872252,0.05319008575957766
4.464464464464465,-0.3872194661518216,0.051045653079401294
4.474474474474475,-0.3793135284318101,0.04890095045999876
4.484484484484485,-0.3704895806418808,0.04675688932610608
4.494494494494495,-0.36077338168757894,0.04461437175279401
4.504504504504505,-0.3501928212709759,0.04247429017637142
4.514514514514515,-0.3387778415548093,0.040337527112252226
4.524524524524525,-0.326560354001388,0.03820495487983587
4.534534534534535,-0.31357415161369245,0.03607743533444831
4.544544544544545,-0.2998548168167934,0.03395581960638657
4.554554554554555,-0.2854396252275739,0.03184094784710678
4.564564564564565,-0.2703674455701532,0.02973364898259209
4.574574574574575,-0.254678636002911,0.02763474047393332
4.584584584584585,-0.23841493713105996,0.025545028085152254
4.594594594594595,-0.22161936198578305,0.023465305658293408
4.604604604604605,-0.20433608325756264,0.021396354895807507
4.614614614614615,-0.1866103180769093,0.01933894515024612
4.624624624624625,-0.16848821064081418,0.01729383322128372
4.634634634634635,-0.1500167129872989,0.01526176316008023
4.644644644644645,-0.1312434642240196,0.013243466080993856
4.654654654654655,-0.11221666851937037,0.011239659980650733
4.664664664664665,-0.09298497216655997,0.009251049564374789
4.674674674674675,-0.07359734003204932,0.007278326079978059
4.684684684684685,-0.054102931700203194,0.005322167158908602
4.694694694694695,-0.03455097762535312,0.003383236664749975
4.704704704704705,-0.014990655601378678,0.0014621845490632864
4.714714714714715,0.0045290321432934315,-0.00044035328544023004
4.724724724724725,0.023959380919994253,-0.0023237551144111718
4.734734734734735,0.04325210432186884,-0.004187413514076431
4.744744744744745,0.06235945343624501,-0.006030735476177069
4.754754754754755,0.08123433423507,-0.00785314251565337
4.764764764764765,0.09983042285672361,-0.009654070771103708
4.774774774774775,0.11810227849911586,-0.01143297109804658
4.784784784784785,0.1360054536509031,-0.013189309155018055
4.794794794794795,0.1534966013955833,-0.014922565482539433
4.804804804804805,0.17053357953145037,-0.016632235574992722
4.814814814814815,0.18707555125955197,-0.0183178299454441
4.824824824824825,0.2030830822012145,-0.01997887418345812
4.834834834834835,0.21851823351699962,-0.021614909005948025
4.844844844844845,0.23334465090947443,-0.02322549030110989
4.854854854854855,0.24752764930350024,-0.02481018916549099
4.864864864864865,0.2610342930092468,-0.026368591934244952
4.874874874874875,0.2738334711853652,-0.027900300204628848
4.884884884884885,0.2858959684321143,-0.029404930852799414
4.894894894894895,0.2971945303572357,-0.03088211604396822
4.904904904904905,0.30770392397046376,-0.03233150323597753
4.914914914914915,0.3174009927761969,-0.033752755176360796
4.924924924924925,0.32626470644753747,-0.03514554989295413
4.934934934934935,0.3342762049790481,-0.03650958067812671
4.944944944944945,0.3414188372297042,-0.03784455606670058
4.954954954954955,0.3476781937820099,-0.039150199807631916
4.964964964964965,0.3530421340576922,-0.040426250829527964
4.974974974974975,0.35750080764507103,-0.04167246320007563
4.984984984984985,0.36104666980781713,-0.04288860607945951
4.994994994994995,0.36367449115954503,-0.04407446366784908
5.005005005005005,0.3653813615033149,-0.045229835147036226
5.015015015015015,0.3661666878497655,-0.046354534616306245
5.025025025025025,0.36603218664208753,-0.04744839102262681
5.035035035035035,0.36498187023046214,-0.048511248085241106
5.045045045045045,0.36302202765279773,-0.0495429642147529
5.055055055055055,0.36016119979263583,-0.05054341242679256
5.065065065065065,0.3564101489988854,-0.05151248025035466
5.075075075075075,0.35178182326556984,-0.05245006963089904
5.085085085085085,0.3462913150830071,-0.053356096828308705
5.095095095095095,0.33995581508471895,-0.054230492309798595
5.105105105105105,0.3327945606269267,-0.055073200637871474
5.115115115115115,0.3248287794495897,-0.05588418035341726
5.125125125125125,0.3160816285797122,-0.056663403854053926
5.135135135135135,0.3065781286488531,-0.05741085726780893
5.145145145145145,0.29634509380763113,-0.05812654032224095
5.155155155155155,0.2854110574302425,-0.058810466209103004
5.165165165165165,0.2738061938118478,-0.059462661444648506
5.175175175175175,0.26156223607082946,-0.06008316572568295
5.185185185185185,0.24871239047665894,-0.060672031781464665
5.195195195195195,0.23529124743208618,-0.061229325221558474
5.205205205205205,0.22133468934592787,-0.06175512437974736
5.215215215215215,0.2068797956394605,-0.062249520154107306
5.225225225225225,0.19196474513574704,-0.06271261584335139
5.235235235235235,0.17662871608665878,-0.06314452697954949
5.245245245245245,0.16091178409737547,-0.063545381157331
5.255255255255255,0.14485481821224344,-0.06391531785967723
5.265265265265265,0.12849937542955345,-0.06425448828041201
5.275275275275275,0.111887593915526,-0.0645630551434982
5.285285285285285,0.09506208519010964,-0.06484119251924843
5.295295295295295,0.07806582555853861,-0.06508908563755902
5.305305305305305,0.0609420470635359,-0.0653069306982755
5.315315315315315,0.043734128233000734,-0.06549493467879887
5.325325325325325,0.026485484897584444,-0.06565331513904152
5.335335335335335,0.009239461351134019,-0.06578230002384186
5.345345345345345,-0.007960777874812213,-0.06588212746294675
5.355355355355355,-0.02507235535406826,-0.06595304556867054
5.365365365365365,-0.042052786961101284,-0.06599531223133992
5.375375375375375,-0.05886008665739639,-0.06600919491263274
5.385385385385385,-0.07545286961210781,-0.06599497043692014
5.395395395395395,-0.09179045340556977,-0.06595292478071944
5.405405405405405,-0.10783295706989095,-0.0658833528603665
5.415415415415415,-0.12354139772740534,-0.06578655831801486
5.425425425425425,-0.13887778459457203,-0.06566285330606904
5.435435435435435,-0.15380521012658832,-0.06551255827015916
5.445445445445445,-0.16828793808589182,-0.06533600173076311
5.455455455455455,-0.1822914883264362,-0.06513352006358242
5.465465465465465,-0.1957827180945413,-0.0649054572787772
5.475475475475475,-0.2087298996567678,-0.06465216479916512
5.485485485485485,-0.22110279407509162,-0.06437400123748878
5.495495495495495,-0.23287272096013942,-0.06407133217285496
5.505505505505505,-0.24401262404387306,-0.0637445299264489
5.515515515515515,-0.25449713242432465,-0.06339397333662566
5.525525525525525,-0.264302617346299,-0.06302004753348044
5.535535535535535,-0.27340724439378283,-0.06262314371299793
5.545545545545545,-0.2817910209816858,-0.06220365891088138
5.555555555555555,-0.2894358390468472,-0.06176199577615964
5.565565565565565,-0.29632551285057446,-0.06129856234467086
5.575575575575575,-0.30244581181764885,-0.06081377181251982
5.585585585585585,-0.3077844883493857,-0.060308042309605084
5.595595595595595,-0.3123313005612352,-0.05978179667331148
5.605605605605605,-0.31607802990825357,-0.059235462222461885
5.615615615615615,-0.3190184936747735,-0.05866947053162165
5.625625625625625,-0.3211485523175066,-0.05808425720584782
5.635635635635635,-0.32246611166427924,-0.057480261655974044
5.645645645645645,-0.3229711199834379,-0.056857926874521146
5.655655655655655,-0.32266555995177115,-0.05621769921232197
5.665665665665665,-0.3215534355614315,-0.055560028155948224
5.675675675675675,-0.3196407540188656,-0.0548853661060254
5.685685685685685,-0.31693550270107773,-0.054194168156521054
5.6956956956956954,-0.31344762124666575,-0.05348689187509015
5.7057057057057055,-0.3091889688709455,-0.05276399708456007
5.7157157157157155,-0.3041732870060643,-0.052025945645636486
5.7257257257257255,-0.2984161573783284,-0.05127320124091004
5.7357357357357355,-0.29193495564591243,-0.050506229160242395
5.7457457457457455,-0.2847488007307784,-0.04972549608760882
5.7557557557557555,-0.2768784999888336,-0.04893146988947308
5.7657657657657655,-0.2683464903722492,-0.04812461940476923
5.7757757757757755,-0.25917677574722364,-0.047305414236563044
5.7857857857857855,-0.2493948605395105,-0.046474324545464754
5.7957957957957955,-0.2390276798884657,-0.04563182084486322
5.8058058058058055,-0.22810352649846272,-0.04477837379805011
5.8158158158158155,-0.2166519743839562,-0.043914454017301145
5.8258258258258255,-0.20470379971155522,-0.04304053186498019
5.8358358358358355,-0.19229089894882842,-0.04215707725673029
5.8458458458458455,-0.1794462045355656,-0.04126455946681412
5.8558558558558556,-0.16620359829845896,-0.0403634469356651
5.865865865865866,-0.15259782283504006,-0.03945420707970855
5.875875875875876,-0.13866439109677856,-0.038537306103511026
5.885885885885886,-0.12443949440495446,-0.03761320881431404
5.895895895895896,-0.10995990913578572,-0.036682378439007166
5.905905905905906,-0.09526290231380265,-0.03574527644359367
5.915915915915916,-0.08038613635411265,-0.03480236235520045
5.925925925925926,-0.06536757319549708,-0.033854093586682225
5.935935935935936,-0.05024537806670847,-0.032900925263868605
5.945945945945946,-0.03505782312841964,-0.031943310055500725
5.955955955955956,-0.019843191232484132,-0.030981698005902916
5.965965965965966,-0.004639680039043507,-0.03001653637043296
5.975975975975976,0.010514693269976345,-0.02904826945375292
5.985985985985986,0.025582186444746996,-0.028077338450961154
5.995995995995996,0.040525425555730174,-0.02710418129162413
6.006006006006006,0.055307497086576306,-0.026129232486745427
6.016016016016016,0.0698920385064207,-0.02515292297870735
6.026026026026026,0.08424332710084054,-0.024175679994219244
6.036036036036036,0.09832636684611192,-0.023197926900304824
6.046046046046046,0.1121069731170321,-0.02222008306335927
6.056056056056056,0.12555185502496538,-0.021242563711305253
6.066066066066066,0.13862869518938653,-0.02026577979887539
6.076076076076076,0.1513062267535349,-0.019290137876047126
6.086086086086086,0.1635543074623225,-0.018316039959654352
6.096096096096096,0.17534399062884404,-0.017343883408198514
6.106106106106106,0.18664759282419988,-0.01637406079988044
6.116116116116116,0.1974387581343229,-0.015406959813872398
6.126126126126126,0.2076925188366075,-0.014442963114848533
6.136136136136136,0.21738535235879633,-0.013482448240790024
6.146146146146146,0.2264952343923371,-0.012525787494080008
6.156156156156156,0.23500168804265434,-0.011573347835901566
6.166166166166166,0.2428858289090815,-0.010625490783950647
6.176176176176176,0.2501304059979054,-0.009682572313474245
6.186186186186186,0.25671983838270723,-0.008744942761642659
6.196196196196196,0.26264024753725507,-0.007812946735263122
6.206206206206206,0.2678794852772594,-0.00688692302184063
6.216216216216216,0.27242715725861993,-0.005967204503990331
6.226226226226226,0.27627464199106355,-0.005054118077204337
6.236236236236236,0.27941510533751984,-0.004147984570974405
6.246246246246246,0.2818435104809507,-0.0032491186732704768
6.256256256256256,0.28355662335181486,-0.0023578288583736484
6.266266266266266,0.2845530135207024,-0.0014744173180607576
6.276276276276276,0.28483305057203895,-0.000599179896136338
6.286286286286286,0.28439889598598556,0.00026759397369364535
6.296296296296296,0.2832544905668134,0.0011256213266132406
6.306306306306306,0.28140553746701974,0.001974625722161443
6.316316316316316,0.27885948086728196,0.002814337296380243
6.326326326326326,0.2756254803829883,0.0036444928106567393
6.336336336336336,0.2717143812784859,0.004464835697271536
6.346346346346346,0.2671386805803785,0.005275116101666941
6.356356356356356,0.2619124891910797,0.006075090921449723
6.366366366366366,0.2560514901134719,0.0068645238421444175
6.376376376376376,0.24957289290677365,0.007643185369714428
6.386386386386386,0.24249538450271557,0.008410852859869278
6.396396396396396,0.23483907651967664,0.009167310544177673
6.406406406406406,0.22662544922069813,0.009912349553007072
6.416416416416417,0.21787729226905783,0.010645767935311756
6.426426426426427,0.20861864244254863,0.011367370675291973
6.436436436436437,0.1988747184745191,0.012076969705949268
6.446446446446447,0.18867185319629134,0.01277438391956189
6.456456456456457,0.1780374231616344,0.013459439175107394
6.466466466466467,0.16699977593950324,0.014131968302659444
6.476476476476477,0.15558815526642603,0.01479181110478705
6.486486486486487,0.14383262425442503,0.01543881435498553
6.496496496496497,0.1317639868545367,0.01607283179316947
6.506506506506507,0.11941370777946507,0.016693724118258788
6.516516516516517,0.10681383109204992,0.017301358977890053
6.526526526526527,0.09399689766863945,0.01789561095528599
6.536536536536537,0.08099586174854605,0.018476361553317108
6.546546546546547,0.0678440067820982,0.01904349917579015
6.556556556556557,0.054574860790820384,0.01959691910599884
6.566566566566567,0.0412221114535263,0.02013652348257341
6.576576576576577,0.0278195211320594,0.02066222127266595
6.586586586586587,0.014400842049593498,0.021173928242509507
6.596596596596597,0.000999731833292711,0.021671566925389577
6.606606606606607,-0.012350330368748587,0.02215506658706732
6.616616616616617,-0.025616126988520914,0.022624363188694516
6.626626626626627,-0.038764784152214155,0.02307939934726099
6.636636636636637,-0.05176385260574396,0.023520124293615843
6.646646646646647,-0.06458138725390467,0.023946493828104366
6.656656656656657,-0.07718602511950458,0.024358470273863304
6.666666666666667,-0.08954706153368797,0.024756022427817492
6.676676676676677,-0.1016345243737125,0.02513912550942151
6.686686686686687,-0.11341924617018997,0.025507761107190666
6.696696696696697,-0.12487293391172834,0.025861917123065774
6.706706706706707,-0.13596823638147792,0.026201587714657068
6.716716716716717,-0.14667880886681384,0.026526773235412755
6.726726726726727,-0.15697937509070642,0.02683748017275822
6.736736736736737,-0.16684578622078577,0.02713372108425235
6.746746746746747,-0.17625507682010058,0.027415514531807742
6.756756756756757,-0.18518551761167257,0.027682885014021982
6.766766766766767,-0.19361666493752983,0.027935862896667475
6.776776776776777,-0.20152940680156478,0.028174484341387564
6.786786786786787,-0.2089060053946421,0.028398791232647103
6.796796796796797,-0.21573013600951352,0.028608831102985798
6.806806806806807,-0.22198692226258082,0.028804657056622787
6.816816816816817,-0.2276629675490522,0.028986327691461436
6.826826826826827,-0.2327463826678299,0.02915390701954319
6.836836836836837,-0.23722680956224584,0.029307464385999647
6.846846846846847,-0.24109544113275932,0.02944707438655225
6.856856856856857,-0.24434503708768834,0.02957281678360886
6.866866866866867,-0.24696993580814627,0.029684776421006955
6.876876876876877,-0.24896606221338854,0.029783043137452773
6.886886886886887,-0.250330931622877,0.029867711678706353
6.896896896896897,-0.25106364962137745,0.02993888160856198
6.906906906906907,-0.2511649079434106,0.029996657218673818
6.916916916916917,-0.25063697640325766,0.030041147437276473
6.926926926926927,-0.2494836909065314,0.030072465736850046
6.936936936936937,-0.24771043758898142,0.030090730040779515
6.946946946946947,-0.2453241331377158,0.030096062629057802
6.956956956956957,-0.24233320135936362,0.03008859004308213
6.966966966966967,-0.23874754606883014,0.030068442989593012
6.976976976976977,-0.23457852038122928,0.030035756243805133
6.986986986986987,-0.22983889249823078,0.029990668551779103
6.996996996996997,-0.22454280808849839,0.029933322532083237
7.007007007007007,-0.21870574936999163,0.029863864576793835
7.017017017017017,-0.21234449100976588,0.029782444751882714
7.027027027027027,-0.20547705296437116,0.029689216697040166
7.037037037037037,-0.19812265039116062,0.029584337524981484
7.047047047047047,-0.19030164076758388,0.029467967720284836
7.057057057057057,-0.1820354683620361,0.029340271037808
7.067067067067067,-0.17334660620583003,0.029201414400731263
7.077077077077077,-0.1642584957215832,0.029051567798273326
7.087087087087087,-0.1547954841684866,0.028890904183126866
7.097097097097097,-0.1449827600698226,0.028719599368659997
7.107107107107107,-0.13484628679240906,0.028537831925929482
7.117117117117117,-0.12441273445167954,0.028345783080551266
7.127127127127127,-0.11370941031952078,0.02814363660947339
7.137137137137137,-0.10276418791511722,0.027931578737696066
7.147147147147147,-0.09160543496153896,0.027709798034983104
7.157157157157157,-0.08026194039301146,0.02747848531260863
7.167167167167167,-0.06876284059934781,0.027237833520182494
7.177177177177177,-0.0571375450952865,0.026988037642597155
7.187187187187187,-0.045415661803067414,0.026729294597138752
7.197197197197197,-0.03362692213689602,0.026461803130804075
7.207207207207207,-0.021801106077584596,0.026185763717865025
7.217217217217217,-0.009967967425036271,0.0259013784577215
7.227227227227227,0.001842840585063339,0.025608850973083037
7.237237237237237,0.013601839115532116,0.025308386308519185
7.247247247247247,0.025279796830360014,0.025000190829417825
7.257257257257257,0.036847802085619656,0.02468447212139023
7.267267267267267,0.04827733403158734,0.024361438890161062
7.277277277277277,0.05954033245236993,0.02403130086198082
7.287287287287287,0.07060926617329319,0.023694268684597834
7.297297297297297,0.08145719987046666,0.023350553828826108
7.307307307307307,0.09205785912170533,0.02300036849074478
7.317317317317317,0.10238569354293106,0.022643925494564454
7.327327327327327,0.11241593785969435,0.022281438196194776
7.337337337337337,0.12212467076912714,0.021913120387547235
7.347347347347347,0.1314888714538446,0.021539186201606345
7.357357357357357,0.14048647361565134,0.021159850018301857
7.367367367367367,0.14909641690373485,0.02077532637121381
7.377377377377377,0.15729869561896695,0.020385829855141726
7.387387387387387,0.16507440458330747,0.019991575034568474
7.397397397397397,0.17240578207076707,0.019592776353048704
7.407407407407407,0.17927624970423245,0.01918964804355099
7.4174174174174174,0.18567044923036044,0.01878240403978222
7.4274274274274275,0.19157427609298694,0.01837125788852202
7.4374374374374375,0.1969749097337598,0.017956422662994215
7.4474474474474475,0.20186084055724846,0.01753811087730185
7.4574574574574575,0.20622189350632322,0.017116534401951287
7.4674674674674675,0.21004924820235588,0.016691904380490428
7.4774774774774775,0.2133354556135238,0.01626443114728523
7.4874874874874875,0.2160744512233851,0.015834324146458013
7.4974974974974975,0.21826156468072153,0.015401791852010429
7.5075075075075075,0.21989352592057096,0.014967041689152954
7.5175175175175175,0.2209684677552098,0.014530279956862431
7.5275275275275275,0.2214859249427192,0.014091711751688088
7.5375375375375375,0.22144682974953145,0.013651540892825947
7.5475475475475475,0.22085350403208315,0.013209969848480739
7.5575575575575575,0.21970964787130415,0.012767199663533676
7.5675675675675675,0.21802032480217126,0.012323429888533757
7.5775775775775776,0.21579194368891205,0.011878858510029467
7.587587587587588,0.21303223730463403,0.01143368188225708
7.597597597597598,0.20975023768217907,0.010988094660200981
7.607607607607608,0.2059562483108064,0.010542289734040705
7.617617617617618,0.20166181326092303,0.010096458164998644
7.627627627627628,0.19687968332641997,0.009650789122601689
7.637637637637638,0.19162377928130908,0.009205469823369271
7.647647647647648,0.18590915235416017,0.008760685470939583
7.657657657657658,0.17975194203042721,0.008316619197645049
7.667667667667668,0.17316933129896012,0.007873452007547316
7.677677677677678,0.16617949946497892,0.007431362720941432
7.687687687687688,0.15880157265733946,0.006990527920338007
7.697697697697698,0.15105557216323698,0.00655112189793162
7.707707707707708,0.14296236072834143,0.006113316604562844
7.717717717717718,0.13454358696496277,0.005677281600180698
7.727727727727728,0.1258216280149462,0.00524318400581152
7.737737737737738,0.11681953061784824,0.004811188457039661
7.747747747747748,0.10756095073826419,0.004381457059004606
7.757757757757758,0.09807009190924385,0.003954149342918515
7.767767767767768,0.08837164245124254,0.00352942222410746
7.777777777777778,0.07849071172831258,0.0031074299615789515
7.787787787787788,0.06845276560492083,0.0026883241191176886
7.797797797797798,0.05828356126821285,0.002272253527910799
7.807807807807808,0.04800908158138546,0.0018593642507031692
7.817817817817818,0.037655469134431206,0.0014497995474828118
7.827827827827828,0.027248960158521063,0.001043699842695568
7.837837837837838,0.016815818470059887,0.000641202693987813
7.847847847847848,0.006382269609618933,0.00024244276247517704
7.857857857857858,-0.004025564660104677,-0.00015244821546530748
7.867867867867868,-0.01438173133480068,-0.0005433414548828635
7.877877877877878,-0.024660510466890228,-0.0009301111474242596
7.887887887887888,-0.03483647862350601,-0.0013126344849931715
7.897897897897898,-0.044884571348553594,-0.0016907916819026536
7.907907907907908,-0.05478014447650816,-0.0020644659955263325
7.917917917917918,-0.064499034148991,-0.00243354374545454
7.927927927927928,-0.07401761538910548,-0.0027979143311621458
7.937937937937938,-0.08331285909261091,-0.0031574702481954333
7.947947947947948,-0.09236238729962903,-0.003512107102885919
7.957957957957958,-0.10114452661533938,-0.0038617236255995275
7.967967967967968,-0.10963835965336498,-0.004206221682530135
7.977977977977978,-0.11782377438092116,-0.004545506286046938
7.987987987987988,-0.1256815112506182,-0.004879485603605707
7.997997997997998,-0.13319320800972934,-0.005208070965234427
8.008008008008009,-0.14034144208406452,-0.0055311768696043855
8.018018018018019,-0.14710977043999895,-0.005848720988698071
8.028028028028029,-0.15348276683496895,-0.006160624171086283
8.038038038038039,-0.15944605637359732,-0.006466810443826358
8.048048048048049,-0.16498634729371459,-0.006767207012994877
8.058058058058059,-0.17009145991376134,-0.007061744262868039
8.068068068068069,-0.17475035268045053,-0.007350355753763569
8.078078078078079,-0.17895314526307013,-0.007632978218558386
8.088088088088089,-0.18269113864840786,-0.007909551557896705
8.098098098098099,-0.18595683219797424,-0.008180018834103648
8.108108108108109,-0.18874393763696393,-0.008444326263819836
8.118118118118119,-0.19104738995219644,-0.00870242320937281
8.128128128128129,-0.19286335518410183,-0.00895426216890154
8.138138138138139,-0.19418923510565572,-0.009199798765250611
8.148148148148149,-0.19502366878899136,-0.00943899173365104
8.158158158158159,-0.19536653106820465,-0.00967180290820505
8.168168168168169,-0.19521892791460066,-0.009898197207192415
8.178178178178179,-0.19458318874829814,-0.010118142617216372
8.188188188188189,-0.19346285571768349,-0.010331610176207331
8.198198198198199,-0.19186266998566817,-0.010538573955302999
8.208208208208209,-0.18978855506904174,-0.01073901103962378
8.218218218218219,-0.18724759728440732,-0.010932901507962571
8.228228228228229,-0.18424802336121468,-0.011120228411408428
8.238238238238239,-0.18079917528925474,-0.011300977750923702
8.248248248248249,-0.1769114824746356,-0.011475138453894645
8.258258258258259,-0.17259643128470467,-0.011642702349675611
8.268268268268269,-0.16786653206859328,-0.011803664144147213
8.278278278278279,-0.1627352837460311,-0.011958021393309102
8.288288288288289,-0.15721713606280116,-0.012105774475928099
8.298298298298299,-0.15132744961665417,-0.012246926565262738
8.308308308308309,-0.14508245376266454,-0.012381483599885367
8.318318318318319,-0.13849920251188044,-0.01250945425362317
8.328328328328329,-0.13159552854169618,-0.012630849904639597
8.338338338338339,-0.12438999544063013,-0.01274568460367793
8.348348348348349,-0.11690184831411499,-0.012853975041488695
8.358358358358359,-0.10915096288150224,-0.012955740515462926
8.368368368368369,-0.10115779319774797,-0.013051002895493293
8.378378378378379,-0.09294331813615754,-0.013139786589085243
8.388388388388389,-0.08452898677111605,-0.013222118505740446
8.398398398398399,-0.07593666280192748,-0.013298028020634827
8.408408408408409,-0.0671885681607326,-0.013367546937613665
8.418418418418419,-0.05830722594894699,-0.013430709451526175
8.428428428428429,-0.049315402847755326,-0.013487552109922179
8.438438438438439,-0.04023605114893241,-0.013538113774133368
8.448448448448449,-0.031092250552637,-0.01358243557976187
8.458458458458459,-0.02190714987882292,-0.013620560896598693
8.468468468468469,-0.012703908838531789,-0.013652535287994717
8.478478478478479,-0.0035056400105967296,-0.013678406469706953
8.488488488488489,0.0056646488317985836,-0.013698224268242666
8.498498498498499,0.014784111901714284,-0.013712040578724063
8.508508508508509,0.023830121945026452,-0.013719909322296133
8.518518518518519,0.03278032601395293,-0.013721886403100285
8.528528528528529,0.041612700330988774,-0.013718029664836292
8.538538538538539,0.05030560410953062,-0.013708398846935078
8.548548548548549,0.058837832200625675,-0.013693055540364775
8.558558558558559,0.0671886664387411,-0.013672063143092451
8.568568568568569,0.07533792556320444,-0.013645486815223774
8.578578578578579,0.08326601359602494,-0.013613393433842868
8.588588588588589,0.09095396656115637,-0.013575851547574458
8.598598598598599,0.09838349743487312,-0.013532931330890327
8.608608608608609,0.10553703922179047,-0.013484704538181983
8.618618618618619,0.11239778605617538,-0.01343124445762136
8.62862862862863,0.11894973223354734,-0.013372625864831157
8.63863863863864,0.12517770908312886,-0.013308924976386407
8.64864864864865,0.13106741959745974,-0.013240219403168592
8.65865865865866,0.13660547074143978,-0.013166588103593592
8.66866866866867,0.1417794033691924,-0.013088111336734529
8.67867867867868,0.14657771968341476,-0.013004870615360363
8.68868868868869,0.15098990817828725,-0.012916948658911085
8.6986986986987,0.15500646601355128,-0.01282442934642994
8.70870870870871,0.15861891877401116,-0.012727397669473152
8.71871871871872,0.16181983757544302,-0.012625939685017264
8.72872872872873,0.1646028534846855,-0.01252014246838411
8.73873873873874,0.16696266922854516,-0.012410094066203152
8.74874874874875,0.16889506817303818,-0.012295883449430785
8.75875875875876,0.1703969205613994,-0.012177600466445898
8.76876876876877,0.17146618700619257,-0.012055335796240864
8.77877877877878,0.1721019192377518,-0.011929180901726783
8.78878878878879,0.17230425811804656,-0.011799227983171666
8.7987987987988,0.17207442893586902,-0.01166556993178995
8.80880880880881,0.1714147340059852,-0.0115283002835015
8.81881881881882,0.17032854260155114,-0.011387513172878004
8.82882882882883,0.1688202782556559,-0.01124330328729442
8.83883883883884,0.1668954034742927,-0.011095765821302835
8.84884884884885,0.16456040190937318,-0.010944996431245876
8.85885885885886,0.16182275804656523,-0.010791091190126502
8.86886886886887,0.15869093446873567,-0.010634146542750762
8.87887887887888,0.15517434676160438,-0.010474259261159781
8.88888888888889,0.15128333613385564,-0.010311526400367022
8.8988988988989,0.14702913982938617,-0.010146045254416472
8.90890890890891,0.1424238594145845,-0.009977913312777238
8.91891891891892,0.13748042702852156,-0.00980722821708965
8.92892892892893,0.13221256968868644,-0.009634087718277689
8.93893893893894,0.12663477174940013,-0.009458589634042279
8.94894894894895,0.12076223561427181,-0.00928083180674966
8.95895895895896,0.11461084080802604,-0.009100912061728734
8.96896896896897,0.10819710151672236,-0.008918928165991007
8.97897897897898,0.10153812270878777,-0.008734977787386368
8.98898898898899,0.09465155495238124,-0.008549158454207723
8.998998998999,0.08755554804740838,-0.0083615675152571
9.00900900900901,0.0802687035930075,-0.008172302100385515
9.01901901901902,0.07281002661351188,-0.00798145908151869
9.02902902902903,0.06519887636774925,-0.007789135034180194
9.03903903903904,0.0574549164680861,-0.007595426199523449
9.04904904904905,0.04959806443685414,-0.007400428446883539
9.05905905905906,0.041648440828695996,-0.007204237236859572
9.06906906906907,0.03362631804793195,-0.007006947584937931
9.07907907907908,0.025552068990295735,-0.006808654025666427
9.08908908908909,0.017446115638320076,-0.00660945057738907
9.0990990990991,0.00932887773925192,-0.0064094307075508025
9.10910910910911,0.001220721693646708,-0.0062086872985812214
9.11911911911912,-0.006858090218248712,-0.006007312614365983
9.12912912912913,-0.014887450146559216,-0.005805398267314243
9.13913913913914,-0.022847454394188303,-0.005603035186030125
9.14914914914915,-0.030718452429442857,-0.005400313583595947
9.15915915915916,-0.038481095069014655,-0.005197322926474517
9.16916916916917,-0.046116381714004374,-0.004994151904037494
9.17917917917918,-0.05360570652451324,-0.004790888398726547
9.18918918918919,-0.06093090342145195,-0.004587619456853589
9.1991991991992,-0.06807428980759613,-0.004384431260046135
9.20920920920921,-0.07501870890354713,-0.004181409097343439
9.21921921921922,-0.08174757059814243,-0.003978637337948755
9.22922922922923,-0.08824489071698746,-0.0037761994046427365
9.23923923923924,-0.09449532861712694,-0.0035741777478626494
9.24924924924925,-0.10048422302042202,-0.003372653820451752
9.25925925925926,-0.10619762600296045,-0.0031717080530828615
9.26926926926927,-0.11162233506278042,-0.0029714198303598172
9.27927927927928,-0.11674592319330974,-0.002771867467600201
9.28928928928929,-0.12155676689519708,-0.002573128188302375
9.2992992992993,-0.1260440720646443,-0.0023752781022995653
9.30930930930931,-0.13019789770191773,-0.0021783921846034045
9.31931931931932,-0.13400917738939816,-0.0019825442549390405
9.32932932932933,-0.1374697384943083,-0.0017878069579735703
9.33933933933934,-0.14057231905713616,-0.0015942517442393018
9.34934934934935,-0.14331058233272354,-0.0014019488517529792
9.35935935935936,-0.14567912895699925,-0.001210967288331847
9.36936936936937,-0.1476735067183829,-0.001021374814607093
9.37937937937938,-0.149290217918967,-0.000833237927734929
9.38938938938939,-0.15052672431668265,-0.0006466218458052585
9.3993993993994,-0.15138144964574357,-0.0004615904929475913
9.40940940940941,-0.15185377971873318,-0.00027820648513357104
9.41941941941942,-0.15194406011974357,-9.653111667519243e-05
9.42942942942943,-0.15165359150396823,8.337565258249956e-05
9.43943943943944,-0.1509846225250812,0.00026145520937571935
9.44944944944945,-0.14994034041758636,0.0004376502984450282
9.45945945945946,-0.14852485926708528,0.0006119050332692445
9.46946946946947,-0.14674320600706922,0.0007841649061124923
9.47947947947948,-0.14460130418637404,0.0009543767973869727
9.48948948948949,-0.1421059555568456,0.001122488984334307
9.4994994994995,-0.13926481953602196,0.0012884511490285596
9.50950950950951,-0.13608639060473762,0.0014522143857043043
9.51951951951952,-0.13257997370448535,0.001613731207413355
9.52952952952953,-0.12875565770412087,0.0017729555520140262
9.53953953953954,-0.12462428701005304,0.001929842787497028
9.54954954954955,-0.12019743139841081,0.002084349716652355
9.55955955955956,-0.11548735415181267,0.0022364345810817502
9.56956956956957,-0.1105069785872849,0.0023860570645615597
9.57957957957958,-0.10526985306555621,0.0025331782957610295
9.58958958958959,-0.09979011457539425,0.0026777608503213116
9.5995995995996,-0.0940824509898402,0.0028197687523006556
9.60960960960961,-0.0881620620941415,0.0029591674749915057
9.61961961961962,-0.0820446194878605,0.0030959239411153896
9.62962962962963,-0.07574622546603856,0.0032300065224017353
9.63963963963964,-0.06928337098643245,0.003361385038556919
9.64964964964965,-0.06267289283170524,0.0034900307556300506
9.65965965965966,-0.055931930077036535,0.003615916383782209
9.66966966966967,-0.049077879974906403,0.00373901607446601
9.67967967967968,-0.04212835336981921,0.003859305417022564
9.68968968968969,-0.03510112975646762,0.0039767614347030935
9.6996996996997,-0.0280141120952763,0.004091362580122592
9.70970970970971,-0.02088528149940937,0.00420308873015314
9.71971971971972,-0.013732651907191014,0.004311921180264609
9.72972972972973,-0.006574224853477993,0.004417842638320644
9.73973973973974,0.0005720555471785039,0.004520837217838001
9.74974974974975,0.007688347293733407,0.004620890430717431
9.75975975975976,0.014756954757619721,0.004717989179454445
9.76976976976977,0.021760372398421757,0.00481212174883845
9.77977977977978,0.028681327828975457,0.004903277797148878
9.78978978978979,0.03550282412468722,0.004991448346857027
9.7997997997998,0.04220818127417492,0.00507662577484249
9.80980980980981,0.04878107667088755,0.005158803802133151
9.81981981981982,0.055205584548162254,0.005237977483177847
9.82982982982983,0.06146621426322006,0.005314143194660876
9.83983983983984,0.06754794733886053,0.005387298623867676
9.84984984984985,0.07343627317508264,0.005457442756611057
9.85985985985986,0.07911722334654016,0.005524575864727499
9.86986986986987,0.08457740440562382,0.0055886994931530765
9.87987987987988,0.0898040291150229,0.005649816446588675
9.88988988988989,0.09478494603784852,0.005707930775764255
9.8998998998999,0.09950866741780086,0.005763047763311969
9.90990990990991,0.10396439528641933,0.005815173909257999
9.91991991991992,0.10814204573914418,0.0058643169161430855
9.92992992992993,0.11203227132672887,0.00591048567378173
9.93993993993994,0.11562648151347579,0.0059536902436701355
9.94994994994995,0.11891686115880683,0.005993941843052995
9.95995995995996,0.12189638698380106,0.006031252828659262
9.96996996996997,0.12455884198952531,0.0060656366801171094
9.97997997997998,0.12689882779924463,0.00609710798305829
9.98998998998999,0.1289117749019133,0.006125682411922144
10.0,0.13059395077968944,0.006151376712469548
